CREATE USER IF NOT EXISTS SA SALT '788e5767ea5cfedb' HASH '0c956c04b4d55a9ca1d804fe08a6c1b21d5264330149d2c6e203f84474b04230' ADMIN;
CREATE SEQUENCE PUBLIC.SYSTEM_SEQUENCE_ECBC85FD_7B3C_4929_98F8_456933CAD508 START WITH 7 BELONGS_TO_TABLE;
CREATE SEQUENCE PUBLIC.SYSTEM_SEQUENCE_59FB81D9_155E_4BE0_8550_C93C87BDB4C0 START WITH 101 BELONGS_TO_TABLE;
CREATE SEQUENCE PUBLIC.SYSTEM_SEQUENCE_4AC2A646_5955_45EF_B99B_F948CC1CEE76 START WITH 550 BELONGS_TO_TABLE;
CREATE SEQUENCE PUBLIC.SYSTEM_SEQUENCE_687A7344_DC67_46E0_B186_D58B9B60ED8A START WITH 40 BELONGS_TO_TABLE;
CREATE SEQUENCE PUBLIC.SYSTEM_SEQUENCE_ABC455FF_3A66_47F8_B065_A3D4CB0A0F06 START WITH 74 BELONGS_TO_TABLE;
CREATE SEQUENCE PUBLIC.SYSTEM_SEQUENCE_BFD72E78_E7A9_45A8_87E1_4B9E2F017078 START WITH 36 BELONGS_TO_TABLE;
CREATE SEQUENCE PUBLIC.SYSTEM_SEQUENCE_773D0E00_4250_4D79_B4FB_3251E7BAE76F START WITH 130 BELONGS_TO_TABLE;
CREATE SEQUENCE PUBLIC.SYSTEM_SEQUENCE_FD9DF915_B0FC_4248_BCD8_875F6001FF5E START WITH 41 BELONGS_TO_TABLE;
CREATE SEQUENCE PUBLIC.SYSTEM_SEQUENCE_82271B0F_5B2F_4C04_A7CF_8DFF8AEC4F8B START WITH 38 BELONGS_TO_TABLE;
CREATE SEQUENCE PUBLIC.SYSTEM_SEQUENCE_8817BBC2_564C_4C8B_8809_F23BC61DA9B7 START WITH 1 BELONGS_TO_TABLE;
CREATE SEQUENCE PUBLIC.SYSTEM_SEQUENCE_7A609421_A818_443A_B290_BA2B318E0836 START WITH 33 BELONGS_TO_TABLE;
CREATE CACHED TABLE PUBLIC.PASSWORD(
    PASSWORD_ID INT DEFAULT (NEXT VALUE FOR PUBLIC.SYSTEM_SEQUENCE_4AC2A646_5955_45EF_B99B_F948CC1CEE76) NOT NULL NULL_TO_DEFAULT SEQUENCE PUBLIC.SYSTEM_SEQUENCE_4AC2A646_5955_45EF_B99B_F948CC1CEE76,
    HASH VARCHAR(64) NOT NULL,
    SALT VARCHAR(64) NOT NULL,
    DELETED BOOLEAN DEFAULT FALSE NOT NULL
);
ALTER TABLE PUBLIC.PASSWORD ADD CONSTRAINT PUBLIC.CONSTRAINT_7 PRIMARY KEY(PASSWORD_ID);
-- 29 +/- SELECT COUNT(*) FROM PUBLIC.PASSWORD;
INSERT INTO PUBLIC.PASSWORD(PASSWORD_ID, HASH, SALT, DELETED) VALUES
(521, '3f4288e5b2bd85677c7f678dfdc59529', '728472d45407bf06bc41caa55c52ca67', FALSE),
(522, '20b4a1164abdf9b2aacd522e43ebe325', '8d18f8e1905c23a7b9708c62fae0372b', FALSE),
(523, '8aa52d7bc55e9c76d5efe7ab83b88879', '5de81109849095cc30f9460342a33ab6', FALSE),
(524, 'd382f936d8f3ac915a49abf9e646cb1b', '41b72f24ec9b54a12c0c0353fcdb0ec5', FALSE),
(525, '93bb9106e6bb723900e9363f90a76b34', 'f99ada2f9f680c1097bff5e9674a48b0', FALSE),
(526, '37c80a6c5420449f964297868964ea69', '2728d55828c584b835e9a0f9185f0fc', FALSE),
(527, '105c492082fd960a8419c4e235099457', '1148898fc48aa26ff985a868aed0c31d', FALSE),
(528, '6905fb13e03d51164d6c83ecf21a1f60', '6a64ca9e93e00e3f9ba717b2cea81e6e', FALSE),
(529, '352089c7d28c7a338a55d7bd2a863b66', 'b375ee1afde04626709a58ba833c647', FALSE),
(530, '72d23acf422c791f5fedf077f6855206', '1a487d9e34f2e43f615577de561632fa', FALSE),
(531, 'f531f9c9f49004618ab189e213b510b8', 'c7c218a6ab552d6a0811bc701937d6dc', FALSE),
(532, '962c78e3c989e98c8693568f3f1faa77', '4d1e2f75acf82f2fff9a93d4f789af14', FALSE),
(533, 'd5e394d642b9dbc9ed9e84e62156fb06', 'f5e5eebf302bf483c1f957e110028221', FALSE),
(534, '30a5c63ec15b5888ed206ebd77cb3d4d', '8d9ac988c975cbcc0864e58f261dea99', FALSE),
(535, '334040ebdc5bea7ae6d0ee19f155fb9a', '943cf75acb886940b55bf9091bdb934a', FALSE),
(536, '7f1014b4790536e9bc067613d14c663a', '77bebb40e64d7af1931afd85dac1237d', FALSE),
(537, 'd9ef726080eee9a0c99d2e12b3d8909a', '57d3aa390ac061ab5c70d61b26d9191f', FALSE),
(538, '791d55d38ff51b8b459d48a97aa6d571', '1a7bd817a2f95cde58f823ac34b28dd2', FALSE),
(539, 'b6a265f54e463d644f7f3e9e61e22438', '141453fcaa5cec3640055cebf760865d', FALSE),
(540, '6e2198b8c70f18e5f8e798b4d8f3eaab', 'a55f0dec40e1ab8657a36424c0f073a4', FALSE),
(541, '25ee99df956883ba088e95a74120a90', '9d5c4e785522376f920b89ea0784208b', FALSE),
(542, 'af34d4c77d155cd1b9981bda537f66bd', '6e362a139a328cba95216b20461982a0', FALSE),
(543, '794e54f4722ec3dee3b1fbee9d1f858a', '28f26935f978aaa8b7d9d76f697826f7', FALSE),
(544, '632ed95d137369bcef5e1b7477a8c778', '31ad5bf1ac7d6523f491be36b6652146', FALSE),
(545, '5584d476c7adb7cbda7746cec173cec5', 'eda1de4213beae8bf69382a98472708e', FALSE),
(546, '8bdc2ded37104acfc2f927221c9d7805', 'ab9616f38122cbb44170dc3554530da', FALSE),
(547, '558fa0ba8068b649a52803f81e4d524b', 'a6818bd35957afd381cfd4b7cc6c83ad', FALSE),
(548, 'ae632c2d078399d77422a53db5c45836', 'aafea9f86a8f2eea91c91584321da53c', FALSE),
(549, 'cbc3e361fe9ebb128a128d3e9882c3ce', 'af4ff09576ff649fb3034b5a5e585a2d', FALSE);
CREATE CACHED TABLE PUBLIC.ATTRIBUTE(
    ATTRIBUTE_ID INT DEFAULT (NEXT VALUE FOR PUBLIC.SYSTEM_SEQUENCE_773D0E00_4250_4D79_B4FB_3251E7BAE76F) NOT NULL NULL_TO_DEFAULT SEQUENCE PUBLIC.SYSTEM_SEQUENCE_773D0E00_4250_4D79_B4FB_3251E7BAE76F,
    NAME VARCHAR(128) NOT NULL,
    DELETED BOOLEAN DEFAULT FALSE NOT NULL
);
ALTER TABLE PUBLIC.ATTRIBUTE ADD CONSTRAINT PUBLIC.CONSTRAINT_A PRIMARY KEY(ATTRIBUTE_ID);
-- 6 +/- SELECT COUNT(*) FROM PUBLIC.ATTRIBUTE;
INSERT INTO PUBLIC.ATTRIBUTE(ATTRIBUTE_ID, NAME, DELETED) VALUES
(123, 'damage resistance', FALSE),
(125, '123', FALSE),
(126, '123', FALSE),
(127, 'fg', FALSE),
(128, 'gdfg', FALSE),
(129, 'fdg', FALSE);
CREATE CACHED TABLE PUBLIC.DECIMAL_ATTRIBUTE(
    DECIMAL_ATTRIBUTE_ID INT DEFAULT (NEXT VALUE FOR PUBLIC.SYSTEM_SEQUENCE_BFD72E78_E7A9_45A8_87E1_4B9E2F017078) NOT NULL NULL_TO_DEFAULT SEQUENCE PUBLIC.SYSTEM_SEQUENCE_BFD72E78_E7A9_45A8_87E1_4B9E2F017078,
    ATTRIBUTE_ID INT NOT NULL,
    PRODUCT_ID INT NOT NULL,
    VALUE DECIMAL(20, 4) NOT NULL,
    DELETED BOOLEAN DEFAULT FALSE NOT NULL
);
ALTER TABLE PUBLIC.DECIMAL_ATTRIBUTE ADD CONSTRAINT PUBLIC.CONSTRAINT_5 PRIMARY KEY(DECIMAL_ATTRIBUTE_ID);
-- 0 +/- SELECT COUNT(*) FROM PUBLIC.DECIMAL_ATTRIBUTE;
CREATE CACHED TABLE PUBLIC.INT_ATTRIBUTE(
    INT_ATTRIBUTE_ID INT DEFAULT (NEXT VALUE FOR PUBLIC.SYSTEM_SEQUENCE_ECBC85FD_7B3C_4929_98F8_456933CAD508) NOT NULL NULL_TO_DEFAULT SEQUENCE PUBLIC.SYSTEM_SEQUENCE_ECBC85FD_7B3C_4929_98F8_456933CAD508,
    ATTRIBUTE_ID INT NOT NULL,
    PRODUCT_ID INT NOT NULL,
    VALUE INT NOT NULL,
    DELETED BOOLEAN DEFAULT FALSE NOT NULL
);
ALTER TABLE PUBLIC.INT_ATTRIBUTE ADD CONSTRAINT PUBLIC.CONSTRAINT_8 PRIMARY KEY(INT_ATTRIBUTE_ID);
-- 2 +/- SELECT COUNT(*) FROM PUBLIC.INT_ATTRIBUTE;
INSERT INTO PUBLIC.INT_ATTRIBUTE(INT_ATTRIBUTE_ID, ATTRIBUTE_ID, PRODUCT_ID, VALUE, DELETED) VALUES
(5, 125, 72, 123, FALSE),
(6, 126, 73, 123, FALSE);
CREATE CACHED TABLE PUBLIC.PRODUCT(
    PRODUCT_ID INT DEFAULT (NEXT VALUE FOR PUBLIC.SYSTEM_SEQUENCE_ABC455FF_3A66_47F8_B065_A3D4CB0A0F06) NOT NULL NULL_TO_DEFAULT SEQUENCE PUBLIC.SYSTEM_SEQUENCE_ABC455FF_3A66_47F8_B065_A3D4CB0A0F06,
    NAME VARCHAR(128) NOT NULL,
    CATEGORY_ID INT NOT NULL,
    DESCRIPTION VARCHAR(1024) DEFAULT 'No description' NOT NULL,
    PRICE_ID INT NOT NULL,
    DELETED BOOLEAN NOT NULL
);
ALTER TABLE PUBLIC.PRODUCT ADD CONSTRAINT PUBLIC.CONSTRAINT_1 PRIMARY KEY(PRODUCT_ID);
-- 6 +/- SELECT COUNT(*) FROM PUBLIC.PRODUCT;
INSERT INTO PUBLIC.PRODUCT(PRODUCT_ID, NAME, CATEGORY_ID, DESCRIPTION, PRICE_ID, DELETED) VALUES
(8, 'cort-x3', 1, 'No description', 3, FALSE),
(36, 'cort-x1', 1, 'No description', 3, FALSE),
(68, 'Pitt''s bread', 33, 'No description', 35, FALSE),
(69, '123', 1, 'No description', 36, FALSE),
(72, '123', 1, '123', 39, FALSE),
(73, '123', 1, '123', 40, FALSE);
CREATE CACHED TABLE PUBLIC.STRING_ATTRIBUTE(
    STRING_ATTRIBUTE_ID INT DEFAULT (NEXT VALUE FOR PUBLIC.SYSTEM_SEQUENCE_82271B0F_5B2F_4C04_A7CF_8DFF8AEC4F8B) NOT NULL NULL_TO_DEFAULT SEQUENCE PUBLIC.SYSTEM_SEQUENCE_82271B0F_5B2F_4C04_A7CF_8DFF8AEC4F8B,
    ATTRIBUTE_ID INT NOT NULL,
    PRODUCT_ID INT NOT NULL,
    VALUE VARCHAR(1024) NOT NULL,
    DELETED BOOLEAN DEFAULT FALSE NOT NULL
);
ALTER TABLE PUBLIC.STRING_ATTRIBUTE ADD CONSTRAINT PUBLIC.CONSTRAINT_E PRIMARY KEY(STRING_ATTRIBUTE_ID);
-- 4 +/- SELECT COUNT(*) FROM PUBLIC.STRING_ATTRIBUTE;
INSERT INTO PUBLIC.STRING_ATTRIBUTE(STRING_ATTRIBUTE_ID, ATTRIBUTE_ID, PRODUCT_ID, VALUE, DELETED) VALUES
(34, 123, 68, 'high', FALSE),
(35, 127, 73, 'gfdgd', FALSE),
(36, 128, 73, 'f', FALSE),
(37, 129, 73, 'fggfdg', FALSE);
CREATE CACHED TABLE PUBLIC.ROLE(
    ROLE_ID INT DEFAULT (NEXT VALUE FOR PUBLIC.SYSTEM_SEQUENCE_8817BBC2_564C_4C8B_8809_F23BC61DA9B7) NOT NULL NULL_TO_DEFAULT SEQUENCE PUBLIC.SYSTEM_SEQUENCE_8817BBC2_564C_4C8B_8809_F23BC61DA9B7,
    ROLE_NAME VARCHAR(32) NOT NULL
);
ALTER TABLE PUBLIC.ROLE ADD CONSTRAINT PUBLIC.CONSTRAINT_26 PRIMARY KEY(ROLE_ID);
-- 0 +/- SELECT COUNT(*) FROM PUBLIC.ROLE;
CREATE CACHED TABLE PUBLIC.USER(
    USER_ID INT DEFAULT (NEXT VALUE FOR PUBLIC.SYSTEM_SEQUENCE_59FB81D9_155E_4BE0_8550_C93C87BDB4C0) NOT NULL NULL_TO_DEFAULT SEQUENCE PUBLIC.SYSTEM_SEQUENCE_59FB81D9_155E_4BE0_8550_C93C87BDB4C0,
    NAME VARCHAR(32) NOT NULL,
    EMAIL VARCHAR_IGNORECASE(64) NOT NULL,
    ROLE_ID INT DEFAULT 1 NOT NULL,
    PASSWORD_ID INT NOT NULL,
    BANNED BOOLEAN DEFAULT FALSE NOT NULL,
    DELETED BOOLEAN DEFAULT FALSE NOT NULL
);
ALTER TABLE PUBLIC.USER ADD CONSTRAINT PUBLIC.CONSTRAINT_2 PRIMARY KEY(USER_ID);
-- 20 +/- SELECT COUNT(*) FROM PUBLIC.USER;
INSERT INTO PUBLIC.USER(USER_ID, NAME, EMAIL, ROLE_ID, PASSWORD_ID, BANNED, DELETED) VALUES
(72, 'Parash', CAST('Parash@mail.ru' AS VARCHAR_IGNORECASE), 1, 521, FALSE, FALSE),
(73, 'Hulio', CAST('Hulio@mail.ru' AS VARCHAR_IGNORECASE), 1, 522, FALSE, FALSE),
(75, 'Parash', CAST('Para@mail.ru' AS VARCHAR_IGNORECASE), 1, 524, FALSE, FALSE),
(76, 'peredoz', CAST('Peredoz@mail.ru' AS VARCHAR_IGNORECASE), 1, 525, FALSE, FALSE),
(77, 'Vasya', CAST('vasyan@mail.ru' AS VARCHAR_IGNORECASE), 1, 526, FALSE, FALSE),
(82, 'Tvoibogwwnami', CAST('seriga_1995@mail.ru' AS VARCHAR_IGNORECASE), 1, 531, FALSE, FALSE),
(84, '<input type="text" name="name"/>', CAST('Pardsh@mail.ru' AS VARCHAR_IGNORECASE), 1, 533, FALSE, FALSE),
(85, 'SherlockFromNBA', CAST('sherlock@mail.ru' AS VARCHAR_IGNORECASE), 1, 534, FALSE, FALSE),
(86, 'QWEQWE', CAST('QweQwe@qwe.qwe' AS VARCHAR_IGNORECASE), 1, 535, FALSE, FALSE),
(87, 'QWE', CAST('Qwe@qwe.qwe' AS VARCHAR_IGNORECASE), 1, 536, FALSE, FALSE),
(88, 'Again', CAST('Again@mail.ru' AS VARCHAR_IGNORECASE), 1, 537, FALSE, FALSE),
(89, 'Again', CAST('AndAgain@mail.ru' AS VARCHAR_IGNORECASE), 1, 538, FALSE, FALSE),
(90, 'Again', CAST('AndAgainAndAgain@mail.ru' AS VARCHAR_IGNORECASE), 1, 539, FALSE, FALSE),
(91, 'Again', CAST('AndAgainAgain@mail.ru' AS VARCHAR_IGNORECASE), 1, 540, FALSE, FALSE),
(92, 'ampl', CAST('serv@mail.rt' AS VARCHAR_IGNORECASE), 1, 541, FALSE, FALSE),
(93, 'APR', CAST('Trerew@rqew.ri' AS VARCHAR_IGNORECASE), 1, 542, FALSE, FALSE),
(94, 'DFSDF', CAST('asd@mail.ru' AS VARCHAR_IGNORECASE), 1, 543, FALSE, FALSE),
(98, 'Tread', CAST('Bread@pitt.ru' AS VARCHAR_IGNORECASE), 1, 547, FALSE, FALSE),
(99, 'Tread', CAST('serv@mail.rte' AS VARCHAR_IGNORECASE), 1, 548, FALSE, FALSE),
(100, 'Garrus_Vakarian', CAST('calibrations@gv.galaxy' AS VARCHAR_IGNORECASE), 1, 549, FALSE, FALSE);
CREATE CACHED TABLE PUBLIC.PURCHASE(
    PURCHASE_ID INT DEFAULT (NEXT VALUE FOR PUBLIC.SYSTEM_SEQUENCE_7A609421_A818_443A_B290_BA2B318E0836) NOT NULL NULL_TO_DEFAULT SEQUENCE PUBLIC.SYSTEM_SEQUENCE_7A609421_A818_443A_B290_BA2B318E0836,
    USER_ID INT NOT NULL,
    PRODUCT_ID INT NOT NULL,
    PRICE_ID INT NOT NULL,
    DATE DATE NOT NULL,
    DELETED BOOLEAN DEFAULT FALSE NOT NULL
);
ALTER TABLE PUBLIC.PURCHASE ADD CONSTRAINT PUBLIC.CONSTRAINT_9 PRIMARY KEY(PURCHASE_ID);
-- 0 +/- SELECT COUNT(*) FROM PUBLIC.PURCHASE;
CREATE CACHED TABLE PUBLIC.PRICE(
    PRICE_ID INT DEFAULT (NEXT VALUE FOR PUBLIC.SYSTEM_SEQUENCE_FD9DF915_B0FC_4248_BCD8_875F6001FF5E) NOT NULL NULL_TO_DEFAULT SEQUENCE PUBLIC.SYSTEM_SEQUENCE_FD9DF915_B0FC_4248_BCD8_875F6001FF5E,
    VALUE DECIMAL(20, 2) NOT NULL,
    DELETED BOOLEAN DEFAULT FALSE NOT NULL
);
ALTER TABLE PUBLIC.PRICE ADD CONSTRAINT PUBLIC.CONSTRAINT_4 PRIMARY KEY(PRICE_ID);
-- 7 +/- SELECT COUNT(*) FROM PUBLIC.PRICE;
INSERT INTO PUBLIC.PRICE(PRICE_ID, VALUE, DELETED) VALUES
(3, 32000.00, FALSE),
(35, 43.00, FALSE),
(36, 123.00, FALSE),
(37, 123.00, FALSE),
(38, 123.00, FALSE),
(39, 123.00, FALSE),
(40, 123.00, FALSE);
CREATE CACHED TABLE PUBLIC.CATEGORY(
    CATEGORY_ID INT DEFAULT (NEXT VALUE FOR PUBLIC.SYSTEM_SEQUENCE_687A7344_DC67_46E0_B186_D58B9B60ED8A) NOT NULL NULL_TO_DEFAULT SEQUENCE PUBLIC.SYSTEM_SEQUENCE_687A7344_DC67_46E0_B186_D58B9B60ED8A,
    NAME VARCHAR_IGNORECASE(128) NOT NULL,
    DELETED BOOLEAN DEFAULT FALSE NOT NULL
);
ALTER TABLE PUBLIC.CATEGORY ADD CONSTRAINT PUBLIC.CONSTRAINT_3 PRIMARY KEY(CATEGORY_ID);
-- 3 +/- SELECT COUNT(*) FROM PUBLIC.CATEGORY;
INSERT INTO PUBLIC.CATEGORY(CATEGORY_ID, NAME, DELETED) VALUES
(1, CAST('Guitars' AS VARCHAR_IGNORECASE), FALSE),
(33, CAST('Food' AS VARCHAR_IGNORECASE), FALSE),
(38, CAST('' AS VARCHAR_IGNORECASE), FALSE);
ALTER TABLE PUBLIC.PRICE ADD CONSTRAINT PUBLIC.UNIQUE_PRICE_ID UNIQUE(PRICE_ID);
ALTER TABLE PUBLIC.ROLE ADD CONSTRAINT PUBLIC.UNIQUE_ROLE_ID UNIQUE(ROLE_ID);
ALTER TABLE PUBLIC.PURCHASE ADD CONSTRAINT PUBLIC.UNIQUE_PURCHASE_ID UNIQUE(PURCHASE_ID);
ALTER TABLE PUBLIC.USER ADD CONSTRAINT PUBLIC."unique_USER_ID" UNIQUE(USER_ID);
ALTER TABLE PUBLIC.PASSWORD ADD CONSTRAINT PUBLIC."unique_PASSWORD_ID" UNIQUE(PASSWORD_ID);
ALTER TABLE PUBLIC.PASSWORD ADD CONSTRAINT PUBLIC.UNIQUE_PASSWORD_ID UNIQUE(PASSWORD_ID);
ALTER TABLE PUBLIC.PRODUCT ADD CONSTRAINT PUBLIC.UNIQUE_PRODUCT_ID UNIQUE(PRODUCT_ID);
ALTER TABLE PUBLIC.ATTRIBUTE ADD CONSTRAINT PUBLIC.UNIQUE_ATTRIBUTE_ID UNIQUE(ATTRIBUTE_ID);
ALTER TABLE PUBLIC.PRODUCT ADD CONSTRAINT PUBLIC."unique_PRODUCT_ID" UNIQUE(PRODUCT_ID);
ALTER TABLE PUBLIC.PURCHASE ADD CONSTRAINT PUBLIC."unique_PURCHASE_ID" UNIQUE(PURCHASE_ID);
ALTER TABLE PUBLIC.CATEGORY ADD CONSTRAINT PUBLIC.UNIQUE_NAME UNIQUE(NAME);
ALTER TABLE PUBLIC.CATEGORY ADD CONSTRAINT PUBLIC.UNIQUE_CATEGORY_ID UNIQUE(CATEGORY_ID);
ALTER TABLE PUBLIC.ATTRIBUTE ADD CONSTRAINT PUBLIC."unique_ATTRIBUTE_ID" UNIQUE(ATTRIBUTE_ID);
ALTER TABLE PUBLIC.DECIMAL_ATTRIBUTE ADD CONSTRAINT PUBLIC.UNIQUE_DECIMAL_ATTRIBUTE_ID UNIQUE(DECIMAL_ATTRIBUTE_ID);
ALTER TABLE PUBLIC.DECIMAL_ATTRIBUTE ADD CONSTRAINT PUBLIC.CONSTRAINT_59A FOREIGN KEY(PRODUCT_ID) REFERENCES PUBLIC.PRODUCT(PRODUCT_ID) NOCHECK;
ALTER TABLE PUBLIC.STRING_ATTRIBUTE ADD CONSTRAINT PUBLIC.CONSTRAINT_EC5 FOREIGN KEY(PRODUCT_ID) REFERENCES PUBLIC.PRODUCT(PRODUCT_ID) NOCHECK;
ALTER TABLE PUBLIC.INT_ATTRIBUTE ADD CONSTRAINT PUBLIC.CONSTRAINT_84A FOREIGN KEY(PRODUCT_ID) REFERENCES PUBLIC.PRODUCT(PRODUCT_ID) NOCHECK;
ALTER TABLE PUBLIC.PRODUCT ADD CONSTRAINT PUBLIC.CONSTRAINT_18 FOREIGN KEY(CATEGORY_ID) REFERENCES PUBLIC.CATEGORY(CATEGORY_ID) NOCHECK;
ALTER TABLE PUBLIC.STRING_ATTRIBUTE ADD CONSTRAINT PUBLIC.CONSTRAINT_EC FOREIGN KEY(ATTRIBUTE_ID) REFERENCES PUBLIC.ATTRIBUTE(ATTRIBUTE_ID) NOCHECK;
ALTER TABLE PUBLIC.DECIMAL_ATTRIBUTE ADD CONSTRAINT PUBLIC.CONSTRAINT_59 FOREIGN KEY(ATTRIBUTE_ID) REFERENCES PUBLIC.ATTRIBUTE(ATTRIBUTE_ID) NOCHECK;
ALTER TABLE PUBLIC.PRODUCT ADD CONSTRAINT PUBLIC.CONSTRAINT_185 FOREIGN KEY(PRICE_ID) REFERENCES PUBLIC.PRICE(PRICE_ID) NOCHECK;
ALTER TABLE PUBLIC.INT_ATTRIBUTE ADD CONSTRAINT PUBLIC.CONSTRAINT_84 FOREIGN KEY(ATTRIBUTE_ID) REFERENCES PUBLIC.ATTRIBUTE(ATTRIBUTE_ID) NOCHECK;
